[
{"url":"https://telegra.ph/file/4c87a64f3dc3fc90cc198.jpg"}, 
{"url":"https://telegra.ph/file/7472bfdf0ad841ec105eb.jpg"}, 
{"url":"https://telegra.ph/file/d192b8478ad9cea7c7dea.jpg"}, 
{"url":"https://telegra.ph/file/159744cedc1ab909ebbbc.jpg"}, 
{"url":"https://telegra.ph/file/be44c218252a874f4ae30.jpg"}, 
{"url":"https://telegra.ph/file/aad6892b3f0d55756f6b6.jpg"}, 
{"url":"https://telegra.ph/file/a4dab4ffe1657da7624e2.jpg"}, 
{"url":"https://telegra.ph/file/3c244fb46879550bb3984.jpg"}, 
{"url":"https://telegra.ph/file/c686aa0068cda0251f8d9.jpg"}, 
{"url":"https://telegra.ph/file/e756225090fcaa0ced685.jpg"}, 
{"url":"https://telegra.ph/file/849f73a0caba03149bd6a.jpg"}, 
{"url":"https://telegra.ph/file/aefd6d787b47c9cf2b949.jpg"}, 
{"url":"https://telegra.ph/file/edb2677368e4d0085d92f.jpg"}, 
{"url":"https://telegra.ph/file/15ff5385fb1b2eea36566.jpg"}, 
{"url":"https://telegra.ph/file/66c3b88dc2c0d4317a19c.jpg"}, 
{"url":"https://telegra.ph/file/037b0c81e9c3376ba19ac.jpg"}, 
{"url":"https://telegra.ph/file/9cb741227d0a5c943e012.jpg"}, 
{"url":"https://telegra.ph/file/01aa62673b77d05975c24.jpg"}, 
{"url":"https://telegra.ph/file/03e1812c25f7e26a943ab.jpg"}, 
{"url":"https://telegra.ph/file/7702fca14fb02395ed970.jpg"}, 
{"url":"https://telegra.ph/file/50d6f407d34191da2b09a.jpg"}, 
{"url":"https://telegra.ph/file/5e980fd87a9e4aa0b256d.jpg"}, 
{"url":"https://telegra.ph/file/43895ea7e0660e2228be0.jpg"}, 
{"url":"https://telegra.ph/file/9895b87f9cf5c9258bffe.jpg"}, 
{"url":"https://telegra.ph/file/f7ac54588572c77dc6bee.jpg"}, 
{"url":"https://telegra.ph/file/fa0b99b0019cf8e848a74.jpg"}, 
{"url":"https://telegra.ph/file/8afb15d4de75425c625f4.jpg"}, 
{"url":"https://telegra.ph/file/c6277cb95be7e020db28e.jpg"}, 
{"url":"https://telegra.ph/file/cbcad4a490899272b4816.jpg"}, 
{"url":"https://telegra.ph/file/6e5afa95316f523381437.jpg"}, 
{"url":"https://telegra.ph/file/ed92158c18dc22dc491ef.jpg"}, 
{"url":"https://telegra.ph/file/eb1e38ef7b0e3a64fb841.jpg"}, 
{"url":"https://telegra.ph/file/e7624389d38490bdb89ae.jpg"}, 
{"url":"https://telegra.ph/file/e8ad1c0a3bba50ff251a5.jpg"}, 
{"url":"https://telegra.ph/file/b0daa69c2b80f89c18cfb.jpg"}, 
{"url":"https://telegra.ph/file/86a2a257ad369754d13c9.jpg"}
]