[
{"url":"https://l.top4top.io/m_196632pm21.mp4"},
{"url":"https://k.top4top.io/m_196696fby1.mp4"},
{"url":"https://i.top4top.io/m_19665qrmn1.mp4"},
{"url":"https://j.top4top.io/m_19660pebi1.mp4"},
{"url":"https://d.top4top.io/m_1966zo5kt1.mp4"},
{"url":"https://h.top4top.io/m_19662lgzi1.mp4"},
{"url":"https://c.top4top.io/m_1966ukvwr1.mp4"},
{"url":"https://g.top4top.io/m_1966f042t1.mp4"},
{"url":"https://f.top4top.io/m_1966rey9j1.mp4"},
{"url":"https://e.top4top.io/m_1966eqtk21.mp4"},
{"url":"https://a.top4top.io/m_1966yrtjt1.mp4"},
{"url":"https://l.top4top.io/m_196664xnz1.mp4"},
{"url":"https://j.top4top.io/m_19664phob1.mp4"},
{"url":"https://i.top4top.io/m_1966movai1.mp4"},
{"url":"https://h.top4top.io/m_1966633ho1.mp4"},
{"url":"https://f.top4top.io/m_1966o20wm1.mp4"},
{"url":"https://g.top4top.io/m_1966c5rg21.mp4"},
{"url":"https://e.top4top.io/m_1966ui8nv1.mp4"},
{"url":"https://d.top4top.io/m_1966nxtoy1.mp4"},
{"url":"https://c.top4top.io/m_1966bwd6v1.mp4"},
{"url":"https://b.top4top.io/m_1966ksnkk1.mp4"},
{"url":"https://a.top4top.io/m_1966kq4h81.mp4"},
{"url":"https://k.top4top.io/m_1966d34y01.mp4"},
{"url":"https://l.top4top.io/m_1966fw13d1.mp4"},
{"url":"https://j.top4top.io/m_1966xv2121.mp4"},
{"url":"https://i.top4top.io/m_1966kn6nq1.mp4"},
{"url":"https://g.top4top.io/m_19663syet1.mp4"},
{"url":"https://f.top4top.io/m_1966usvco1.mp4"},
{"url":"https://e.top4top.io/m_196622yeo1.mp4"},
{"url":"https://d.top4top.io/m_1966skdq31.mp4"},
]
/*
Random Video girl montok By ErerexID Chx
*/
